Acct_ref_nb,Net_cash_flow_curr_mo,NPV_score,Risk_index,Sc_cycl_nb
1300000001,246.49956,312.61569,62,200909
1300000002,-1.68339,30.57711,117,200909
1300000003,622.23307,571.34579,39,200909
1300000004,273.49895,227.08431,124,200909
1300000005,242.06381,242.8797,41,200909
1300000006,-0.40415,129.55864,189,200909
1300000007,374.0438,297.05455,83,200909
1300000008,199.13235,11.27542,15,200909
1300000009,158.57935,542.03352,144,200909
